<?xml version="1.0" encoding="UTF-8"?>
<applications><application><name>RECIST_Adjudicator</name><exePath>C:\XIP\xip-release_January25_v4\xip-reference-impl\XIPApp\bin\RECISTFollowUpAdjudicator.bat</exePath><vendor></vendor><version></version></application><application><name>RECIST</name><exePath>C:\XIP\xip-release_January25_v4\xip-reference-impl\XIPApp\bin\RECISTFollowUpAdjudicator.bat</exePath><vendor></vendor><version></version></application><application><name>RECIST_2</name><exePath>C:\XIP\xip-release_January25_v4\xip-reference-impl\XIPApp\bin\RECISTFollowUpAdjudicator.bat</exePath><vendor></vendor><version></version></application></applications>
